[
{
    "model": "auth.user",
    "pk": 2,
    "fields": {
        "password": "pbkdf2_sha256$100000$1YP3fODunr0a$shE6/WRXbEfxsIiIrLwbWQthfd+ndr1nAuJhWIb80Mg=",
        "last_login": "2020-04-17T20:16:59.939Z",
        "is_superuser": true,
        "username": "admin",
        "first_name": "",
        "last_name": "",
        "email": "admin@gmail.com",
        "is_staff": true,
        "is_active": true,
        "date_joined": "2020-04-04T12:55:18.352Z",
        "groups": [],
        "user_permissions": []
    }
},
{
    "model": "auth.user",
    "pk": 3,
    "fields": {
        "password": "pbkdf2_sha256$100000$gM8s77cWYXjz$ARU1pKTzeDPnFxGdV2EqGFW1PeztuMFsXqGhK3KxFWg=",
        "last_login": "2020-04-15T14:10:42.033Z",
        "is_superuser": true,
        "username": "Admin",
        "first_name": "",
        "last_name": "",
        "email": "Admin@gmail.com",
        "is_staff": true,
        "is_active": true,
        "date_joined": "2020-04-04T16:11:03.089Z",
        "groups": [],
        "user_permissions": []
    }
},
{
    "model": "auth.user",
    "pk": 4,
    "fields": {
        "password": "pbkdf2_sha256$100000$iVfe78dE0Jok$hmh3pY/RMmJmnC89OtCslybBx/TOEXe3euWjvaEz2XY=",
        "last_login": "2020-04-18T18:23:16.503Z",
        "is_superuser": false,
        "username": "user1",
        "first_name": "",
        "last_name": "",
        "email": "user1@gmail.com",
        "is_staff": false,
        "is_active": true,
        "date_joined": "2020-04-17T10:00:43.095Z",
        "groups": [],
        "user_permissions": []
    }
},
{
    "model": "auth.user",
    "pk": 5,
    "fields": {
        "password": "pbkdf2_sha256$100000$9AZx1vZQvPg3$UjT16NO23XR4aCVGa/Vg9IRL6sDD1Q2dQLCct6RBtPQ=",
        "last_login": "2020-04-17T20:07:11.935Z",
        "is_superuser": false,
        "username": "user2",
        "first_name": "",
        "last_name": "",
        "email": "user2@gmail.com",
        "is_staff": false,
        "is_active": true,
        "date_joined": "2020-04-17T10:00:50.330Z",
        "groups": [],
        "user_permissions": []
    }
},
{
    "model": "auth.user",
    "pk": 8,
    "fields": {
        "password": "pbkdf2_sha256$100000$SCFVsnE0KsqJ$Q04+QiI9tdsAp6trC9PEhmEaEUdn41x6FIFEJoRnJwg=",
        "last_login": "2020-04-18T16:51:48.588Z",
        "is_superuser": false,
        "username": "fac_admin1",
        "first_name": "",
        "last_name": "",
        "email": "fac_admin1@gmail.com",
        "is_staff": false,
        "is_active": true,
        "date_joined": "2020-04-17T10:16:57.981Z",
        "groups": [],
        "user_permissions": []
    }
},
{
    "model": "auth.user",
    "pk": 9,
    "fields": {
        "password": "pbkdf2_sha256$100000$4fO5zATI0r8d$2xyzWZ8HEHeYSs4a9YUHYIjXj3aBUcfhtswrpy6yvYQ=",
        "last_login": null,
        "is_superuser": false,
        "username": "fac_admin2",
        "first_name": "",
        "last_name": "",
        "email": "fac_admin2@gmail.com",
        "is_staff": false,
        "is_active": true,
        "date_joined": "2020-04-17T10:16:58.421Z",
        "groups": [],
        "user_permissions": []
    }
},
{
    "model": "auth.user",
    "pk": 10,
    "fields": {
        "password": "pbkdf2_sha256$100000$GTmZrv69KkVn$QmcqFXNIXkK/PvB0Mc0QRZ2ReUSPqA/1y1wTZ5HXjFo=",
        "last_login": "2020-04-17T19:26:24.082Z",
        "is_superuser": false,
        "username": "fac_admin3",
        "first_name": "",
        "last_name": "",
        "email": "fac_admin3@gmail.com",
        "is_staff": false,
        "is_active": true,
        "date_joined": "2020-04-17T10:16:58.642Z",
        "groups": [],
        "user_permissions": []
    }
},
{
    "model": "auth.user",
    "pk": 11,
    "fields": {
        "password": "pbkdf2_sha256$100000$ifLhceuGW5Pb$KRlE8R4/TQ1H75lLG4jTjyYEXPuarHtlCS6WtnmZBUE=",
        "last_login": null,
        "is_superuser": false,
        "username": "fac_admin4",
        "first_name": "",
        "last_name": "",
        "email": "fac_admin4@gmail.com",
        "is_staff": false,
        "is_active": true,
        "date_joined": "2020-04-17T10:16:59.138Z",
        "groups": [],
        "user_permissions": []
    }
},
{
    "model": "auth.user",
    "pk": 12,
    "fields": {
        "password": "pbkdf2_sha256$100000$W99qsW9ZeGYM$AYexaBuHOftr9qCFJTPqqAML19kO+gZmpwq+fNmKbKs=",
        "last_login": null,
        "is_superuser": false,
        "username": "fac_admin5",
        "first_name": "",
        "last_name": "",
        "email": "fac_admin5@gmail.com",
        "is_staff": false,
        "is_active": true,
        "date_joined": "2020-04-17T10:16:59.272Z",
        "groups": [],
        "user_permissions": []
    }
},
{
    "model": "auth.user",
    "pk": 24,
    "fields": {
        "password": "pbkdf2_sha256$100000$oufo6WEsbTWI$AL/drwcFQL86XJdwyi4u7q4GCqnXINayIti9wVqxefY=",
        "last_login": "2020-04-17T17:16:11.066Z",
        "is_superuser": false,
        "username": "kali",
        "first_name": "",
        "last_name": "",
        "email": "kali@gmail.com",
        "is_staff": false,
        "is_active": true,
        "date_joined": "2020-04-17T16:57:03.347Z",
        "groups": [],
        "user_permissions": []
    }
},
{
    "model": "sessions.session",
    "pk": "53aa0ln36f8rtvmjwgx18swowiup7v9s",
    "fields": {
        "session_data": "YTc1ZDNmMjc5NzBkNzE1ODU4YjQzMDRiODI3ODlkMmM2ZmY1MjQyZjp7Il9hdXRoX3VzZXJfaWQiOiIyIiwiX2F1dGhfdXNlcl9iYWNrZW5kIjoiZGphbmdvLmNvbnRyaWIuYXV0aC5iYWNrZW5kcy5Nb2RlbEJhY2tlbmQiLCJfYXV0aF91c2VyX2hhc2giOiIwODVkNjUxZTliZjExZDg3NjQ5ODJkNDNlZjQ0Mjg5NGZjYThmZGEwIn0=",
        "expire_date": "2020-05-01T20:17:00.007Z"
    }
},
{
    "model": "sessions.session",
    "pk": "5o47a97f7t6ey1bbfrkrz310e72ibtkt",
    "fields": {
        "session_data": "ZGE5OTAxYzdlNTcwMTM1MWI0YmZiMjZhN2Y4MzQ5MjM4YjA5ZmU0Zjp7Il9hdXRoX3VzZXJfaWQiOiI1IiwiX2F1dGhfdXNlcl9iYWNrZW5kIjoiYWxsYXV0aC5hY2NvdW50LmF1dGhfYmFja2VuZHMuQXV0aGVudGljYXRpb25CYWNrZW5kIiwiX2F1dGhfdXNlcl9oYXNoIjoiMzJhNzFhNWI3ZjMyMDBhZDYwMTg3MGU4YzAxYzNkZTA2MzY0M2QwYiJ9",
        "expire_date": "2020-05-01T20:07:12.005Z"
    }
},
{
    "model": "sessions.session",
    "pk": "6ju9smj8323wqwan7osf7a9kg072zpl0",
    "fields": {
        "session_data": "MWIwYmZhNGMyN2QzYTk3MDk2NDFjYjJjZDY5ZDJhMmM1MWY4ZWQwZTp7Il9hdXRoX3VzZXJfaWQiOiI0IiwiX2F1dGhfdXNlcl9iYWNrZW5kIjoiZGphbmdvLmNvbnRyaWIuYXV0aC5iYWNrZW5kcy5Nb2RlbEJhY2tlbmQiLCJfYXV0aF91c2VyX2hhc2giOiJlMzk4ZGY2YmNiNDM1NzIzYzAxZTRmOTk1NzFkZDdkMGM4ZWU3NTAzIn0=",
        "expire_date": "2020-05-02T18:23:16.628Z"
    }
},
{
    "model": "sessions.session",
    "pk": "ao9blcrtyerc7fo8g9s9xxl6zsbcnyn7",
    "fields": {
        "session_data": "MWIwYmZhNGMyN2QzYTk3MDk2NDFjYjJjZDY5ZDJhMmM1MWY4ZWQwZTp7Il9hdXRoX3VzZXJfaWQiOiI0IiwiX2F1dGhfdXNlcl9iYWNrZW5kIjoiZGphbmdvLmNvbnRyaWIuYXV0aC5iYWNrZW5kcy5Nb2RlbEJhY2tlbmQiLCJfYXV0aF91c2VyX2hhc2giOiJlMzk4ZGY2YmNiNDM1NzIzYzAxZTRmOTk1NzFkZDdkMGM4ZWU3NTAzIn0=",
        "expire_date": "2020-05-02T08:09:05.526Z"
    }
},
{
    "model": "sessions.session",
    "pk": "bghue876xywlh47a60yp8gmfh74w8pm7",
    "fields": {
        "session_data": "YTc1ZDNmMjc5NzBkNzE1ODU4YjQzMDRiODI3ODlkMmM2ZmY1MjQyZjp7Il9hdXRoX3VzZXJfaWQiOiIyIiwiX2F1dGhfdXNlcl9iYWNrZW5kIjoiZGphbmdvLmNvbnRyaWIuYXV0aC5iYWNrZW5kcy5Nb2RlbEJhY2tlbmQiLCJfYXV0aF91c2VyX2hhc2giOiIwODVkNjUxZTliZjExZDg3NjQ5ODJkNDNlZjQ0Mjg5NGZjYThmZGEwIn0=",
        "expire_date": "2020-04-26T12:22:45.278Z"
    }
},
{
    "model": "sessions.session",
    "pk": "bro56qdz2ryrkvht9q3jczdsotzqqd2b",
    "fields": {
        "session_data": "MWIwYmZhNGMyN2QzYTk3MDk2NDFjYjJjZDY5ZDJhMmM1MWY4ZWQwZTp7Il9hdXRoX3VzZXJfaWQiOiI0IiwiX2F1dGhfdXNlcl9iYWNrZW5kIjoiZGphbmdvLmNvbnRyaWIuYXV0aC5iYWNrZW5kcy5Nb2RlbEJhY2tlbmQiLCJfYXV0aF91c2VyX2hhc2giOiJlMzk4ZGY2YmNiNDM1NzIzYzAxZTRmOTk1NzFkZDdkMGM4ZWU3NTAzIn0=",
        "expire_date": "2020-05-02T09:09:22.715Z"
    }
},
{
    "model": "sessions.session",
    "pk": "bu03phjp7a5pt9qqew9vc6we6xkiw7js",
    "fields": {
        "session_data": "MWIwYmZhNGMyN2QzYTk3MDk2NDFjYjJjZDY5ZDJhMmM1MWY4ZWQwZTp7Il9hdXRoX3VzZXJfaWQiOiI0IiwiX2F1dGhfdXNlcl9iYWNrZW5kIjoiZGphbmdvLmNvbnRyaWIuYXV0aC5iYWNrZW5kcy5Nb2RlbEJhY2tlbmQiLCJfYXV0aF91c2VyX2hhc2giOiJlMzk4ZGY2YmNiNDM1NzIzYzAxZTRmOTk1NzFkZDdkMGM4ZWU3NTAzIn0=",
        "expire_date": "2020-05-02T10:33:26.369Z"
    }
},
{
    "model": "sessions.session",
    "pk": "cbs2jneev6ie15xkcoswjnz15olpmnlo",
    "fields": {
        "session_data": "MWIwYmZhNGMyN2QzYTk3MDk2NDFjYjJjZDY5ZDJhMmM1MWY4ZWQwZTp7Il9hdXRoX3VzZXJfaWQiOiI0IiwiX2F1dGhfdXNlcl9iYWNrZW5kIjoiZGphbmdvLmNvbnRyaWIuYXV0aC5iYWNrZW5kcy5Nb2RlbEJhY2tlbmQiLCJfYXV0aF91c2VyX2hhc2giOiJlMzk4ZGY2YmNiNDM1NzIzYzAxZTRmOTk1NzFkZDdkMGM4ZWU3NTAzIn0=",
        "expire_date": "2020-05-02T12:14:57.283Z"
    }
},
{
    "model": "sessions.session",
    "pk": "cld43e6xftkqrmsn2oky90t2b0tdc3pq",
    "fields": {
        "session_data": "MWIwYmZhNGMyN2QzYTk3MDk2NDFjYjJjZDY5ZDJhMmM1MWY4ZWQwZTp7Il9hdXRoX3VzZXJfaWQiOiI0IiwiX2F1dGhfdXNlcl9iYWNrZW5kIjoiZGphbmdvLmNvbnRyaWIuYXV0aC5iYWNrZW5kcy5Nb2RlbEJhY2tlbmQiLCJfYXV0aF91c2VyX2hhc2giOiJlMzk4ZGY2YmNiNDM1NzIzYzAxZTRmOTk1NzFkZDdkMGM4ZWU3NTAzIn0=",
        "expire_date": "2020-05-02T16:31:11.979Z"
    }
},
{
    "model": "sessions.session",
    "pk": "dw5vmi2m5bb49sejxuznpsztjlpxt4fo",
    "fields": {
        "session_data": "MWIwYmZhNGMyN2QzYTk3MDk2NDFjYjJjZDY5ZDJhMmM1MWY4ZWQwZTp7Il9hdXRoX3VzZXJfaWQiOiI0IiwiX2F1dGhfdXNlcl9iYWNrZW5kIjoiZGphbmdvLmNvbnRyaWIuYXV0aC5iYWNrZW5kcy5Nb2RlbEJhY2tlbmQiLCJfYXV0aF91c2VyX2hhc2giOiJlMzk4ZGY2YmNiNDM1NzIzYzAxZTRmOTk1NzFkZDdkMGM4ZWU3NTAzIn0=",
        "expire_date": "2020-05-02T11:18:44.996Z"
    }
},
{
    "model": "sessions.session",
    "pk": "dzzpf4lml1y9pm6jq6kdrwu1vlkqfxcd",
    "fields": {
        "session_data": "MWIwYmZhNGMyN2QzYTk3MDk2NDFjYjJjZDY5ZDJhMmM1MWY4ZWQwZTp7Il9hdXRoX3VzZXJfaWQiOiI0IiwiX2F1dGhfdXNlcl9iYWNrZW5kIjoiZGphbmdvLmNvbnRyaWIuYXV0aC5iYWNrZW5kcy5Nb2RlbEJhY2tlbmQiLCJfYXV0aF91c2VyX2hhc2giOiJlMzk4ZGY2YmNiNDM1NzIzYzAxZTRmOTk1NzFkZDdkMGM4ZWU3NTAzIn0=",
        "expire_date": "2020-05-02T10:23:20.317Z"
    }
},
{
    "model": "sessions.session",
    "pk": "g32sotsoslx6aojner471qfb1s0vegsk",
    "fields": {
        "session_data": "MmRlYzFjNmYyNjk1MTc4YWU3ZmFiYzA5ZjRjZmI4NTc2N2I4NWUyYzp7Il9hdXRoX3VzZXJfaWQiOiI4IiwiX2F1dGhfdXNlcl9iYWNrZW5kIjoiZGphbmdvLmNvbnRyaWIuYXV0aC5iYWNrZW5kcy5Nb2RlbEJhY2tlbmQiLCJfYXV0aF91c2VyX2hhc2giOiI1NWZhZDgxODFlN2E5NzkzNDJiZGJiN2NiOTUzOTM0YWM3ZTI3YzU3In0=",
        "expire_date": "2020-05-02T16:51:48.672Z"
    }
},
{
    "model": "sessions.session",
    "pk": "g6k28ufw2wihxoadwj9m2tp1638ddus4",
    "fields": {
        "session_data": "MWIwYmZhNGMyN2QzYTk3MDk2NDFjYjJjZDY5ZDJhMmM1MWY4ZWQwZTp7Il9hdXRoX3VzZXJfaWQiOiI0IiwiX2F1dGhfdXNlcl9iYWNrZW5kIjoiZGphbmdvLmNvbnRyaWIuYXV0aC5iYWNrZW5kcy5Nb2RlbEJhY2tlbmQiLCJfYXV0aF91c2VyX2hhc2giOiJlMzk4ZGY2YmNiNDM1NzIzYzAxZTRmOTk1NzFkZDdkMGM4ZWU3NTAzIn0=",
        "expire_date": "2020-05-02T12:55:13.571Z"
    }
},
{
    "model": "sessions.session",
    "pk": "j0l02yoc6wp6nzqnszwt31srrsxskjf9",
    "fields": {
        "session_data": "MWIwYmZhNGMyN2QzYTk3MDk2NDFjYjJjZDY5ZDJhMmM1MWY4ZWQwZTp7Il9hdXRoX3VzZXJfaWQiOiI0IiwiX2F1dGhfdXNlcl9iYWNrZW5kIjoiZGphbmdvLmNvbnRyaWIuYXV0aC5iYWNrZW5kcy5Nb2RlbEJhY2tlbmQiLCJfYXV0aF91c2VyX2hhc2giOiJlMzk4ZGY2YmNiNDM1NzIzYzAxZTRmOTk1NzFkZDdkMGM4ZWU3NTAzIn0=",
        "expire_date": "2020-05-02T11:32:01.106Z"
    }
},
{
    "model": "sessions.session",
    "pk": "k3pub4fhmu8x11d7zjz9dx1uuvfbm43j",
    "fields": {
        "session_data": "MWIwYmZhNGMyN2QzYTk3MDk2NDFjYjJjZDY5ZDJhMmM1MWY4ZWQwZTp7Il9hdXRoX3VzZXJfaWQiOiI0IiwiX2F1dGhfdXNlcl9iYWNrZW5kIjoiZGphbmdvLmNvbnRyaWIuYXV0aC5iYWNrZW5kcy5Nb2RlbEJhY2tlbmQiLCJfYXV0aF91c2VyX2hhc2giOiJlMzk4ZGY2YmNiNDM1NzIzYzAxZTRmOTk1NzFkZDdkMGM4ZWU3NTAzIn0=",
        "expire_date": "2020-05-02T11:30:41.576Z"
    }
},
{
    "model": "sessions.session",
    "pk": "p93mk9isiaq5rzig67gjr3ock9istkih",
    "fields": {
        "session_data": "YTc1ZDNmMjc5NzBkNzE1ODU4YjQzMDRiODI3ODlkMmM2ZmY1MjQyZjp7Il9hdXRoX3VzZXJfaWQiOiIyIiwiX2F1dGhfdXNlcl9iYWNrZW5kIjoiZGphbmdvLmNvbnRyaWIuYXV0aC5iYWNrZW5kcy5Nb2RlbEJhY2tlbmQiLCJfYXV0aF91c2VyX2hhc2giOiIwODVkNjUxZTliZjExZDg3NjQ5ODJkNDNlZjQ0Mjg5NGZjYThmZGEwIn0=",
        "expire_date": "2020-04-18T12:55:34.820Z"
    }
},
{
    "model": "sessions.session",
    "pk": "q8drl3c9kcr7dn4m6qly1y760c6cw83l",
    "fields": {
        "session_data": "OWQ3ZTk5NjA0NDgwYjkxZTY1Y2U4MDVhMzc1ZTNiZDdlNDY4YjRiNzp7Il9hdXRoX3VzZXJfaWQiOiIzIiwiX2F1dGhfdXNlcl9iYWNrZW5kIjoiZGphbmdvLmNvbnRyaWIuYXV0aC5iYWNrZW5kcy5Nb2RlbEJhY2tlbmQiLCJfYXV0aF91c2VyX2hhc2giOiJkMzZjOGM5ZDdmZWJjOTZlM2Q3ZjJmYWI1YjI5MDQ1MGU2MWI4NDQzIn0=",
        "expire_date": "2020-04-19T14:48:40.540Z"
    }
},
{
    "model": "sessions.session",
    "pk": "r15epq0i4gekj58q5u97spkh381sokz1",
    "fields": {
        "session_data": "MWIwYmZhNGMyN2QzYTk3MDk2NDFjYjJjZDY5ZDJhMmM1MWY4ZWQwZTp7Il9hdXRoX3VzZXJfaWQiOiI0IiwiX2F1dGhfdXNlcl9iYWNrZW5kIjoiZGphbmdvLmNvbnRyaWIuYXV0aC5iYWNrZW5kcy5Nb2RlbEJhY2tlbmQiLCJfYXV0aF91c2VyX2hhc2giOiJlMzk4ZGY2YmNiNDM1NzIzYzAxZTRmOTk1NzFkZDdkMGM4ZWU3NTAzIn0=",
        "expire_date": "2020-05-02T10:21:49.016Z"
    }
},
{
    "model": "sessions.session",
    "pk": "r7u4gkrf15vvi070kr2lzj3amn3udbvo",
    "fields": {
        "session_data": "OWQ3ZTk5NjA0NDgwYjkxZTY1Y2U4MDVhMzc1ZTNiZDdlNDY4YjRiNzp7Il9hdXRoX3VzZXJfaWQiOiIzIiwiX2F1dGhfdXNlcl9iYWNrZW5kIjoiZGphbmdvLmNvbnRyaWIuYXV0aC5iYWNrZW5kcy5Nb2RlbEJhY2tlbmQiLCJfYXV0aF91c2VyX2hhc2giOiJkMzZjOGM5ZDdmZWJjOTZlM2Q3ZjJmYWI1YjI5MDQ1MGU2MWI4NDQzIn0=",
        "expire_date": "2020-04-29T14:10:42.110Z"
    }
},
{
    "model": "sessions.session",
    "pk": "rsaf7hga3vhsai6uwynutooyxrbmq24t",
    "fields": {
        "session_data": "MWIwYmZhNGMyN2QzYTk3MDk2NDFjYjJjZDY5ZDJhMmM1MWY4ZWQwZTp7Il9hdXRoX3VzZXJfaWQiOiI0IiwiX2F1dGhfdXNlcl9iYWNrZW5kIjoiZGphbmdvLmNvbnRyaWIuYXV0aC5iYWNrZW5kcy5Nb2RlbEJhY2tlbmQiLCJfYXV0aF91c2VyX2hhc2giOiJlMzk4ZGY2YmNiNDM1NzIzYzAxZTRmOTk1NzFkZDdkMGM4ZWU3NTAzIn0=",
        "expire_date": "2020-05-02T18:01:06.098Z"
    }
},
{
    "model": "sessions.session",
    "pk": "rtrbcq35a3sb6pz4zv6j4hj6pjvt5ndx",
    "fields": {
        "session_data": "MzU3M2RhNDFjZjAyYzk0Y2RjYTAxNTk5OTJjZDFmZTRkNjQ0MzZmNDp7ImFjY291bnRfdmVyaWZpZWRfZW1haWwiOm51bGwsImFjY291bnRfdXNlciI6Im8ifQ==",
        "expire_date": "2020-05-01T16:57:09.377Z"
    }
},
{
    "model": "sessions.session",
    "pk": "sidgh52386evu4bfqb25ig9frrw4f7du",
    "fields": {
        "session_data": "MWIwYmZhNGMyN2QzYTk3MDk2NDFjYjJjZDY5ZDJhMmM1MWY4ZWQwZTp7Il9hdXRoX3VzZXJfaWQiOiI0IiwiX2F1dGhfdXNlcl9iYWNrZW5kIjoiZGphbmdvLmNvbnRyaWIuYXV0aC5iYWNrZW5kcy5Nb2RlbEJhY2tlbmQiLCJfYXV0aF91c2VyX2hhc2giOiJlMzk4ZGY2YmNiNDM1NzIzYzAxZTRmOTk1NzFkZDdkMGM4ZWU3NTAzIn0=",
        "expire_date": "2020-05-02T11:32:38.448Z"
    }
},
{
    "model": "sessions.session",
    "pk": "t5ob3azzgalgi77elj88hgdxyw18jr1p",
    "fields": {
        "session_data": "OTM1ZjBkY2NkNjk5MWMyMzlmNjEzMjU0Njk2YTkyYWVjYjc0YTM1Zjp7Il9hdXRoX3VzZXJfaWQiOiI0IiwiX2F1dGhfdXNlcl9iYWNrZW5kIjoiZGphbmdvLmNvbnRyaWIuYXV0aC5iYWNrZW5kcy5Nb2RlbEJhY2tlbmQiLCJfYXV0aF91c2VyX2hhc2giOiJjNDRmM2M5OTE5MTEzY2FiMTE2ZTdmOTM4MTU3ZTJkOTg3ZjllYWIwIn0=",
        "expire_date": "2020-05-01T12:55:38.728Z"
    }
},
{
    "model": "sessions.session",
    "pk": "ua51fu91ypuwet0xsg8lhz3iahzqwtbt",
    "fields": {
        "session_data": "OTM1ZjBkY2NkNjk5MWMyMzlmNjEzMjU0Njk2YTkyYWVjYjc0YTM1Zjp7Il9hdXRoX3VzZXJfaWQiOiI0IiwiX2F1dGhfdXNlcl9iYWNrZW5kIjoiZGphbmdvLmNvbnRyaWIuYXV0aC5iYWNrZW5kcy5Nb2RlbEJhY2tlbmQiLCJfYXV0aF91c2VyX2hhc2giOiJjNDRmM2M5OTE5MTEzY2FiMTE2ZTdmOTM4MTU3ZTJkOTg3ZjllYWIwIn0=",
        "expire_date": "2020-05-01T12:53:32.516Z"
    }
},
{
    "model": "sessions.session",
    "pk": "wi5lcqnl43o8zkpoc1dzco154rvz1wzm",
    "fields": {
        "session_data": "MWIwYmZhNGMyN2QzYTk3MDk2NDFjYjJjZDY5ZDJhMmM1MWY4ZWQwZTp7Il9hdXRoX3VzZXJfaWQiOiI0IiwiX2F1dGhfdXNlcl9iYWNrZW5kIjoiZGphbmdvLmNvbnRyaWIuYXV0aC5iYWNrZW5kcy5Nb2RlbEJhY2tlbmQiLCJfYXV0aF91c2VyX2hhc2giOiJlMzk4ZGY2YmNiNDM1NzIzYzAxZTRmOTk1NzFkZDdkMGM4ZWU3NTAzIn0=",
        "expire_date": "2020-05-02T15:56:46.299Z"
    }
},
{
    "model": "sessions.session",
    "pk": "wq0olf7umddegafqyu5attezatsvq4c1",
    "fields": {
        "session_data": "ZGE5OTAxYzdlNTcwMTM1MWI0YmZiMjZhN2Y4MzQ5MjM4YjA5ZmU0Zjp7Il9hdXRoX3VzZXJfaWQiOiI1IiwiX2F1dGhfdXNlcl9iYWNrZW5kIjoiYWxsYXV0aC5hY2NvdW50LmF1dGhfYmFja2VuZHMuQXV0aGVudGljYXRpb25CYWNrZW5kIiwiX2F1dGhfdXNlcl9oYXNoIjoiMzJhNzFhNWI3ZjMyMDBhZDYwMTg3MGU4YzAxYzNkZTA2MzY0M2QwYiJ9",
        "expire_date": "2020-05-01T19:54:04.839Z"
    }
},
{
    "model": "sessions.session",
    "pk": "xefzpi4h840e31bo3x68lswxx3qc5n5r",
    "fields": {
        "session_data": "ZjhhODU0ODc0ZjAyY2RmNzVhOWM1MWZiMDg3YjZjMzNmMTdmNjYwODp7Il9hdXRoX3VzZXJfaWQiOiI0IiwiX2F1dGhfdXNlcl9iYWNrZW5kIjoiYWxsYXV0aC5hY2NvdW50LmF1dGhfYmFja2VuZHMuQXV0aGVudGljYXRpb25CYWNrZW5kIiwiX2F1dGhfdXNlcl9oYXNoIjoiZTM5OGRmNmJjYjQzNTcyM2MwMWU0Zjk5NTcxZGQ3ZDBjOGVlNzUwMyJ9",
        "expire_date": "2020-05-01T20:49:51.517Z"
    }
},
{
    "model": "sessions.session",
    "pk": "y2titk9gog1wxo7wd7ygizxuwnt8tlt9",
    "fields": {
        "session_data": "M2U1MTRlMzIwZjhhODU5ZmJmMDJhYWU5Mjg4NmMwZjFlM2JkZDZmNjp7Il9hdXRoX3VzZXJfaGFzaCI6IjNiYzYyMzUzZDZkMzA5ZDgwZGYzMGNmMTU0NjY4YTVjYjEwNTNhOTUifQ==",
        "expire_date": "2020-05-01T12:55:56.273Z"
    }
},
{
    "model": "sessions.session",
    "pk": "y3dyt7w86521yy1wcuvn6gkwlrhe3eaa",
    "fields": {
        "session_data": "YTc1ZDNmMjc5NzBkNzE1ODU4YjQzMDRiODI3ODlkMmM2ZmY1MjQyZjp7Il9hdXRoX3VzZXJfaWQiOiIyIiwiX2F1dGhfdXNlcl9iYWNrZW5kIjoiZGphbmdvLmNvbnRyaWIuYXV0aC5iYWNrZW5kcy5Nb2RlbEJhY2tlbmQiLCJfYXV0aF91c2VyX2hhc2giOiIwODVkNjUxZTliZjExZDg3NjQ5ODJkNDNlZjQ0Mjg5NGZjYThmZGEwIn0=",
        "expire_date": "2020-05-01T12:58:10.340Z"
    }
},
{
    "model": "sessions.session",
    "pk": "yhkoo83frt130icra2m08l75ox43y6qq",
    "fields": {
        "session_data": "OWQ3ZTk5NjA0NDgwYjkxZTY1Y2U4MDVhMzc1ZTNiZDdlNDY4YjRiNzp7Il9hdXRoX3VzZXJfaWQiOiIzIiwiX2F1dGhfdXNlcl9iYWNrZW5kIjoiZGphbmdvLmNvbnRyaWIuYXV0aC5iYWNrZW5kcy5Nb2RlbEJhY2tlbmQiLCJfYXV0aF91c2VyX2hhc2giOiJkMzZjOGM5ZDdmZWJjOTZlM2Q3ZjJmYWI1YjI5MDQ1MGU2MWI4NDQzIn0=",
        "expire_date": "2020-04-18T16:11:20.248Z"
    }
},
{
    "model": "sessions.session",
    "pk": "z3jwpouchcm4rp2a449fse5kizngfey4",
    "fields": {
        "session_data": "YTc1ZDNmMjc5NzBkNzE1ODU4YjQzMDRiODI3ODlkMmM2ZmY1MjQyZjp7Il9hdXRoX3VzZXJfaWQiOiIyIiwiX2F1dGhfdXNlcl9iYWNrZW5kIjoiZGphbmdvLmNvbnRyaWIuYXV0aC5iYWNrZW5kcy5Nb2RlbEJhY2tlbmQiLCJfYXV0aF91c2VyX2hhc2giOiIwODVkNjUxZTliZjExZDg3NjQ5ODJkNDNlZjQ0Mjg5NGZjYThmZGEwIn0=",
        "expire_date": "2020-04-21T09:27:51.244Z"
    }
},
{
    "model": "sessions.session",
    "pk": "zeg08e3dk3h1x5ghl9xm8d36oa20h8pu",
    "fields": {
        "session_data": "NDFkYzAwNzU0OGE4ZjY4NWU3ODlhMTcwZWM5Y2UyMzBhNmI5NDdlYTp7Il9hdXRoX3VzZXJfaWQiOiI4IiwiX2F1dGhfdXNlcl9iYWNrZW5kIjoiYWxsYXV0aC5hY2NvdW50LmF1dGhfYmFja2VuZHMuQXV0aGVudGljYXRpb25CYWNrZW5kIiwiX2F1dGhfdXNlcl9oYXNoIjoiNTVmYWQ4MTgxZTdhOTc5MzQyYmRiYjdjYjk1MzkzNGFjN2UyN2M1NyJ9",
        "expire_date": "2020-05-01T20:48:06.513Z"
    }
},
{
    "model": "app.city",
    "pk": 1,
    "fields": {
        "admin": [
            "user1"
        ],
        "name": "CITY1",
        "latitude": null,
        "longitude": null
    }
},
{
    "model": "app.city",
    "pk": 2,
    "fields": {
        "admin": [
            "user2"
        ],
        "name": "CITY2",
        "latitude": null,
        "longitude": null
    }
},
{
    "model": "app.person",
    "pk": 107,
    "fields": {
        "name": "Heather Matty",
        "age": 17,
        "code": "P45452511",
        "gender": "Female",
        "address": "Gaighata",
        "contact_num": null,
        "email": null,
        "risk": "low",
        "group": 33,
        "room": null,
        "vip": false,
        "latitude": 22.9354031,
        "longitude": 88.7329692,
        "doa": "2020-04-12",
        "luxuries": []
    }
},
{
    "model": "app.person",
    "pk": 108,
    "fields": {
        "name": "Daniel Cox",
        "age": 5,
        "code": "P41884095",
        "gender": "Female",
        "address": "West Bengal",
        "contact_num": null,
        "email": null,
        "risk": "low",
        "group": 33,
        "room": 29,
        "vip": false,
        "latitude": 22.2905514,
        "longitude": 88.8528374,
        "doa": "2020-04-12",
        "luxuries": []
    }
},
{
    "model": "app.person",
    "pk": 109,
    "fields": {
        "name": "Gary Millner",
        "age": 30,
        "code": "P51910537",
        "gender": "Male",
        "address": "26 A Bus Stop",
        "contact_num": null,
        "email": null,
        "risk": "low",
        "group": 33,
        "room": null,
        "vip": false,
        "latitude": 22.7354365,
        "longitude": 88.197059,
        "doa": "2020-04-12",
        "luxuries": []
    }
},
{
    "model": "app.person",
    "pk": 110,
    "fields": {
        "name": "Robert Turner",
        "age": 52,
        "code": "P57314372",
        "gender": "Female",
        "address": "West Bengal",
        "contact_num": null,
        "email": null,
        "risk": "low",
        "group": 33,
        "room": 29,
        "vip": false,
        "latitude": 22.7893897,
        "longitude": 88.8557796,
        "doa": "2020-04-12",
        "luxuries": []
    }
},
{
    "model": "app.person",
    "pk": 111,
    "fields": {
        "name": "Sarah Ferris",
        "age": 1,
        "code": "P92770130",
        "gender": "Male",
        "address": "Jyotir More Tematha",
        "contact_num": null,
        "email": null,
        "risk": "low",
        "group": 34,
        "room": 27,
        "vip": true,
        "latitude": 22.8450006,
        "longitude": 88.3629024,
        "doa": "2020-04-12",
        "luxuries": []
    }
},
{
    "model": "app.person",
    "pk": 112,
    "fields": {
        "name": "Ronald Lusk",
        "age": 6,
        "code": "P28870419",
        "gender": "Female",
        "address": "Gaighata",
        "contact_num": null,
        "email": null,
        "risk": "low",
        "group": 34,
        "room": 27,
        "vip": true,
        "latitude": 22.9472875,
        "longitude": 88.6867365,
        "doa": "2020-04-12",
        "luxuries": []
    }
},
{
    "model": "app.person",
    "pk": 113,
    "fields": {
        "name": "Randall Robirds",
        "age": 87,
        "code": "P28738444",
        "gender": "Female",
        "address": "Sunrise Junction",
        "contact_num": null,
        "email": null,
        "risk": "low",
        "group": 34,
        "room": 28,
        "vip": true,
        "latitude": 22.327028900000002,
        "longitude": 88.45177673098087,
        "doa": "2020-04-12",
        "luxuries": []
    }
},
{
    "model": "app.person",
    "pk": 114,
    "fields": {
        "name": "Walter Smith",
        "age": 29,
        "code": "P71896809",
        "gender": "Female",
        "address": "West Bengal",
        "contact_num": null,
        "email": null,
        "risk": "low",
        "group": 34,
        "room": 28,
        "vip": true,
        "latitude": 22.2535672,
        "longitude": 88.8335848,
        "doa": "2020-04-12",
        "luxuries": []
    }
},
{
    "model": "app.person",
    "pk": 115,
    "fields": {
        "name": "Michael Brandl",
        "age": 6,
        "code": "P97898632",
        "gender": "Male",
        "address": "Bibirhat",
        "contact_num": null,
        "email": null,
        "risk": "low",
        "group": 35,
        "room": 122,
        "vip": false,
        "latitude": 22.3905949,
        "longitude": 88.225193,
        "doa": "2020-04-12",
        "luxuries": []
    }
},
{
    "model": "app.person",
    "pk": 116,
    "fields": {
        "name": "Hubert Mackie",
        "age": 2,
        "code": "P68697306",
        "gender": "Male",
        "address": "Gaighata",
        "contact_num": null,
        "email": null,
        "risk": "low",
        "group": 35,
        "room": 122,
        "vip": false,
        "latitude": 22.94605985,
        "longitude": 88.76784525566028,
        "doa": "2020-04-12",
        "luxuries": []
    }
},
{
    "model": "app.person",
    "pk": 117,
    "fields": {
        "name": "Kim Cartwright",
        "age": 58,
        "code": "P14211480",
        "gender": "Female",
        "address": "Vivekananda Seva Sadan",
        "contact_num": null,
        "email": null,
        "risk": "low",
        "group": 35,
        "room": 123,
        "vip": false,
        "latitude": 22.9173733,
        "longitude": 88.1185236,
        "doa": "2020-04-12",
        "luxuries": []
    }
},
{
    "model": "app.person",
    "pk": 118,
    "fields": {
        "name": "Wanda Sumner",
        "age": 37,
        "code": "P53668692",
        "gender": "Female",
        "address": "Sarangabad School",
        "contact_num": null,
        "email": null,
        "risk": "high",
        "group": 35,
        "room": 119,
        "vip": false,
        "latitude": 22.4920937,
        "longitude": 88.2127219,
        "doa": "2020-04-12",
        "luxuries": []
    }
},
{
    "model": "app.person",
    "pk": 119,
    "fields": {
        "name": "Tiffany Mixon",
        "age": 14,
        "code": "P16066355",
        "gender": "Male",
        "address": "Jharkhali Road",
        "contact_num": null,
        "email": null,
        "risk": "low",
        "group": 36,
        "room": 92,
        "vip": true,
        "latitude": 22.1258087,
        "longitude": 88.6802073,
        "doa": "2020-04-12",
        "luxuries": []
    }
},
{
    "model": "app.person",
    "pk": 120,
    "fields": {
        "name": "Dorothy Williams",
        "age": 6,
        "code": "P67962245",
        "gender": "Female",
        "address": "Udairampur",
        "contact_num": null,
        "email": null,
        "risk": "low",
        "group": 36,
        "room": 92,
        "vip": true,
        "latitude": 22.0999752,
        "longitude": 88.273812,
        "doa": "2020-04-12",
        "luxuries": []
    }
},
{
    "model": "app.person",
    "pk": 121,
    "fields": {
        "name": "Timothy Ferrier",
        "age": 25,
        "code": "P79177142",
        "gender": "Other",
        "address": "Basanti Highway",
        "contact_num": null,
        "email": null,
        "risk": "low",
        "group": 36,
        "room": 92,
        "vip": true,
        "latitude": 22.5018142,
        "longitude": 88.5516574,
        "doa": "2020-04-12",
        "luxuries": []
    }
},
{
    "model": "app.person",
    "pk": 123,
    "fields": {
        "name": "Alexandria Norris",
        "age": 46,
        "code": "P63338655",
        "gender": "Female",
        "address": "Santoshpur - Dighalgram Road",
        "contact_num": null,
        "email": null,
        "risk": "high",
        "group": 36,
        "room": 88,
        "vip": true,
        "latitude": 22.9182577,
        "longitude": 88.573265,
        "doa": "2020-04-12",
        "luxuries": []
    }
},
{
    "model": "app.person",
    "pk": 124,
    "fields": {
        "name": "Richard Adams",
        "age": 74,
        "code": "P30534198",
        "gender": "Female",
        "address": "Khaldhari Road",
        "contact_num": null,
        "email": null,
        "risk": "low",
        "group": 37,
        "room": 112,
        "vip": true,
        "latitude": 22.5411512,
        "longitude": 88.2608666,
        "doa": "2020-04-12",
        "luxuries": []
    }
},
{
    "model": "app.person",
    "pk": 125,
    "fields": {
        "name": "Leroy Apel",
        "age": 91,
        "code": "P22171137",
        "gender": "Female",
        "address": "Chandraketugarh Mahavidyalaya",
        "contact_num": null,
        "email": null,
        "risk": "high",
        "group": 37,
        "room": 103,
        "vip": true,
        "latitude": 22.69681755,
        "longitude": 88.6966211236361,
        "doa": "2020-04-12",
        "luxuries": []
    }
},
{
    "model": "app.person",
    "pk": 126,
    "fields": {
        "name": "Laurie Tyler",
        "age": 36,
        "code": "P81788306",
        "gender": "Female",
        "address": "BBS Bricks",
        "contact_num": null,
        "email": null,
        "risk": "low",
        "group": 37,
        "room": 112,
        "vip": true,
        "latitude": 22.751209199999998,
        "longitude": 88.44872412178076,
        "doa": "2020-04-12",
        "luxuries": []
    }
},
{
    "model": "app.person",
    "pk": 127,
    "fields": {
        "name": "Abby Robinett",
        "age": 18,
        "code": "P78291424",
        "gender": "Male",
        "address": "West Bengal",
        "contact_num": null,
        "email": null,
        "risk": "low",
        "group": 37,
        "room": 113,
        "vip": true,
        "latitude": 22.5516892,
        "longitude": 88.648783,
        "doa": "2020-04-12",
        "luxuries": []
    }
},
{
    "model": "app.person",
    "pk": 128,
    "fields": {
        "name": "Tamara Roche",
        "age": 23,
        "code": "P77585018",
        "gender": "Female",
        "address": "Baruipur Kulpi Road",
        "contact_num": null,
        "email": null,
        "risk": "low",
        "group": 37,
        "room": 112,
        "vip": true,
        "latitude": 22.2151712,
        "longitude": 88.4416335,
        "doa": "2020-04-12",
        "luxuries": []
    }
},
{
    "model": "app.person",
    "pk": 129,
    "fields": {
        "name": "Elsa Stamper",
        "age": 1,
        "code": "P64319166",
        "gender": "Male",
        "address": "James Long Sarani",
        "contact_num": null,
        "email": null,
        "risk": "low",
        "group": 38,
        "room": 111,
        "vip": false,
        "latitude": 22.4780589,
        "longitude": 88.3130361,
        "doa": "2020-04-12",
        "luxuries": []
    }
},
{
    "model": "app.person",
    "pk": 130,
    "fields": {
        "name": "Michelle Lang",
        "age": 11,
        "code": "P64121947",
        "gender": "Female",
        "address": "Dakshinanchal Swasthya Sadan",
        "contact_num": null,
        "email": null,
        "risk": "low",
        "group": 38,
        "room": 111,
        "vip": false,
        "latitude": 22.1692931,
        "longitude": 88.4148261,
        "doa": "2020-04-12",
        "luxuries": []
    }
},
{
    "model": "app.person",
    "pk": 131,
    "fields": {
        "name": "Edith Hernandez",
        "age": 63,
        "code": "P98730994",
        "gender": "Female",
        "address": "West Bengal",
        "contact_num": null,
        "email": null,
        "risk": "low",
        "group": 38,
        "room": 111,
        "vip": false,
        "latitude": 22.070673,
        "longitude": 88.466995,
        "doa": "2020-04-12",
        "luxuries": []
    }
},
{
    "model": "app.person",
    "pk": 133,
    "fields": {
        "name": "Mary Strawderman",
        "age": 18,
        "code": "P47636228",
        "gender": "Female",
        "address": "West Bengal",
        "contact_num": null,
        "email": null,
        "risk": "high",
        "group": 38,
        "room": 102,
        "vip": false,
        "latitude": 22.512371,
        "longitude": 88.522774,
        "doa": "2020-04-12",
        "luxuries": []
    }
},
{
    "model": "app.person",
    "pk": 134,
    "fields": {
        "name": "Ryan Quintero",
        "age": 17,
        "code": "P10411122",
        "gender": "Other",
        "address": "Diamond Harbour Road",
        "contact_num": null,
        "email": null,
        "risk": "low",
        "group": 39,
        "room": 27,
        "vip": false,
        "latitude": 22.0313083,
        "longitude": 88.2405649,
        "doa": "2020-04-12",
        "luxuries": []
    }
},
{
    "model": "app.person",
    "pk": 135,
    "fields": {
        "name": "Jennifer Schmitz",
        "age": 15,
        "code": "P50523987",
        "gender": "Female",
        "address": "Place of Worship",
        "contact_num": null,
        "email": null,
        "risk": "low",
        "group": 39,
        "room": 27,
        "vip": false,
        "latitude": 22.7930571,
        "longitude": 88.964742,
        "doa": "2020-04-12",
        "luxuries": []
    }
},
{
    "model": "app.person",
    "pk": 136,
    "fields": {
        "name": "Elvia Lawrence",
        "age": 72,
        "code": "P65484922",
        "gender": "Female",
        "address": "Tarkeshwar",
        "contact_num": null,
        "email": null,
        "risk": "high",
        "group": 39,
        "room": 17,
        "vip": false,
        "latitude": 22.8340118,
        "longitude": 88.0183539,
        "doa": "2020-04-12",
        "luxuries": []
    }
},
{
    "model": "app.person",
    "pk": 137,
    "fields": {
        "name": "Bridget Durkin",
        "age": 70,
        "code": "P86467848",
        "gender": "Female",
        "address": "Domjur",
        "contact_num": null,
        "email": null,
        "risk": "high",
        "group": 39,
        "room": 17,
        "vip": false,
        "latitude": 22.6431635,
        "longitude": 88.2095491,
        "doa": "2020-04-12",
        "luxuries": []
    }
},
{
    "model": "app.person",
    "pk": 138,
    "fields": {
        "name": "Jason Wilhite",
        "age": 10,
        "code": "P72269983",
        "gender": "Male",
        "address": "Mitrobari",
        "contact_num": null,
        "email": null,
        "risk": "low",
        "group": 40,
        "room": 121,
        "vip": false,
        "latitude": 22.1423721,
        "longitude": 88.9007115,
        "doa": "2020-04-12",
        "luxuries": []
    }
},
{
    "model": "app.person",
    "pk": 139,
    "fields": {
        "name": "Terry Little",
        "age": 15,
        "code": "P70323057",
        "gender": "Female",
        "address": "West Bengal",
        "contact_num": null,
        "email": null,
        "risk": "low",
        "group": 40,
        "room": 121,
        "vip": false,
        "latitude": 22.365348,
        "longitude": 88.11556,
        "doa": "2020-04-12",
        "luxuries": []
    }
},
{
    "model": "app.person",
    "pk": 140,
    "fields": {
        "name": "Selene Ivey",
        "age": 63,
        "code": "P81389031",
        "gender": "Male",
        "address": "Sibaji Sanjha park",
        "contact_num": null,
        "email": null,
        "risk": "low",
        "group": 40,
        "room": 122,
        "vip": false,
        "latitude": 22.5886918,
        "longitude": 88.3069330886843,
        "doa": "2020-04-12",
        "luxuries": []
    }
},
{
    "model": "app.person",
    "pk": 141,
    "fields": {
        "name": "Kathleen Bristow",
        "age": 89,
        "code": "P70286314",
        "gender": "Female",
        "address": "West Bengal",
        "contact_num": null,
        "email": null,
        "risk": "high",
        "group": 40,
        "room": 119,
        "vip": false,
        "latitude": 22.9355435,
        "longitude": 88.3523527,
        "doa": "2020-04-12",
        "luxuries": []
    }
},
{
    "model": "app.person",
    "pk": 142,
    "fields": {
        "name": "Carl Lisby",
        "age": 11,
        "code": "P81716931",
        "gender": "Female",
        "address": "Amdanga",
        "contact_num": null,
        "email": null,
        "risk": "low",
        "group": 41,
        "room": 121,
        "vip": true,
        "latitude": 22.8105087,
        "longitude": 88.5116079,
        "doa": "2020-04-12",
        "luxuries": []
    }
},
{
    "model": "app.person",
    "pk": 143,
    "fields": {
        "name": "Homer Baker",
        "age": 7,
        "code": "P60969666",
        "gender": "Male",
        "address": "Jharkhali Road",
        "contact_num": null,
        "email": null,
        "risk": "high",
        "group": 41,
        "room": 119,
        "vip": true,
        "latitude": 22.1258087,
        "longitude": 88.6802073,
        "doa": "2020-04-12",
        "luxuries": []
    }
},
{
    "model": "app.person",
    "pk": 144,
    "fields": {
        "name": "Ronny Stcyr",
        "age": 85,
        "code": "P76233398",
        "gender": "Female",
        "address": "Bhaduria Hospital",
        "contact_num": null,
        "email": null,
        "risk": "low",
        "group": 42,
        "room": 129,
        "vip": false,
        "latitude": 22.9311678,
        "longitude": 88.813973,
        "doa": "2020-04-12",
        "luxuries": []
    }
},
{
    "model": "app.person",
    "pk": 145,
    "fields": {
        "name": "Ora Hartson",
        "age": 83,
        "code": "P43395939",
        "gender": "Male",
        "address": "West Bengal",
        "contact_num": null,
        "email": null,
        "risk": "low",
        "group": 42,
        "room": 129,
        "vip": false,
        "latitude": 22.7772421,
        "longitude": 88.5921387,
        "doa": "2020-04-12",
        "luxuries": []
    }
},
{
    "model": "app.person",
    "pk": 146,
    "fields": {
        "name": "Veronica Heideman",
        "age": 79,
        "code": "P17354805",
        "gender": "F",
        "address": "Kanchrapara - Nagarukhra - Bongaon Highway",
        "contact_num": null,
        "email": null,
        "risk": "low",
        "group": 42,
        "room": null,
        "vip": false,
        "latitude": 22.9317212,
        "longitude": 88.4954009,
        "doa": "2020-04-12",
        "luxuries": []
    }
},
{
    "model": "app.person",
    "pk": 147,
    "fields": {
        "name": "Berlin",
        "age": 25,
        "code": "P30290957",
        "gender": "M",
        "address": "Amdanga",
        "contact_num": null,
        "email": null,
        "risk": "low",
        "group": 34,
        "room": null,
        "vip": false,
        "latitude": 22.8105087,
        "longitude": 88.5116079,
        "doa": "2020-04-15",
        "luxuries": []
    }
},
{
    "model": "app.person",
    "pk": 148,
    "fields": {
        "name": "kfyu",
        "age": 18,
        "code": "P44749999",
        "gender": null,
        "address": "West Bengal",
        "contact_num": null,
        "email": "",
        "risk": "low",
        "group": 151,
        "room": 113,
        "vip": false,
        "latitude": 22.4571444,
        "longitude": 88.7059368,
        "doa": "2020-04-16",
        "luxuries": []
    }
},
{
    "model": "app.person",
    "pk": 149,
    "fields": {
        "name": "lukfuy",
        "age": 18,
        "code": "P96702786",
        "gender": null,
        "address": "West Bengal",
        "contact_num": null,
        "email": "",
        "risk": "low",
        "group": 151,
        "room": 118,
        "vip": false,
        "latitude": 22.4571444,
        "longitude": 88.7059368,
        "doa": "2020-04-16",
        "luxuries": []
    }
},
{
    "model": "app.person",
    "pk": 150,
    "fields": {
        "name": "kdhf",
        "age": 18,
        "code": "P23808703",
        "gender": null,
        "address": "West Bengal",
        "contact_num": null,
        "email": "",
        "risk": "low",
        "group": 153,
        "room": 31,
        "vip": false,
        "latitude": 22.3235707,
        "longitude": 88.1744885,
        "doa": "2020-04-16",
        "luxuries": []
    }
},
{
    "model": "app.person",
    "pk": 151,
    "fields": {
        "name": "kjsf",
        "age": 18,
        "code": "P89842290",
        "gender": null,
        "address": "West Bengal",
        "contact_num": null,
        "email": "",
        "risk": "low",
        "group": 153,
        "room": 30,
        "vip": false,
        "latitude": 22.3235707,
        "longitude": 88.1744885,
        "doa": "2020-04-16",
        "luxuries": []
    }
},
{
    "model": "app.person",
    "pk": 152,
    "fields": {
        "name": "sfbn",
        "age": 18,
        "code": "P95085978",
        "gender": null,
        "address": "ebtrf",
        "contact_num": null,
        "email": "",
        "risk": "low",
        "group": 154,
        "room": 33,
        "vip": false,
        "latitude": 22.0811243,
        "longitude": 88.0873998,
        "doa": "2020-04-16",
        "luxuries": []
    }
},
{
    "model": "app.person",
    "pk": 153,
    "fields": {
        "name": "dftwd",
        "age": 18,
        "code": "P70927522",
        "gender": null,
        "address": "sdbtdvh",
        "contact_num": null,
        "email": "",
        "risk": "low",
        "group": 154,
        "room": 30,
        "vip": false,
        "latitude": 22.0811243,
        "longitude": 88.0873998,
        "doa": "2020-04-16",
        "luxuries": []
    }
},
{
    "model": "app.group",
    "pk": 33,
    "fields": {
        "category": "family",
        "facility_preference": 3
    }
},
{
    "model": "app.group",
    "pk": 34,
    "fields": {
        "category": "family",
        "facility_preference": 3
    }
},
{
    "model": "app.group",
    "pk": 35,
    "fields": {
        "category": "family",
        "facility_preference": 10
    }
},
{
    "model": "app.group",
    "pk": 36,
    "fields": {
        "category": "family",
        "facility_preference": 8
    }
},
{
    "model": "app.group",
    "pk": 37,
    "fields": {
        "category": "adults",
        "facility_preference": 9
    }
},
{
    "model": "app.group",
    "pk": 38,
    "fields": {
        "category": "family",
        "facility_preference": 9
    }
},
{
    "model": "app.group",
    "pk": 39,
    "fields": {
        "category": "family",
        "facility_preference": 3
    }
},
{
    "model": "app.group",
    "pk": 40,
    "fields": {
        "category": "family",
        "facility_preference": 10
    }
},
{
    "model": "app.group",
    "pk": 41,
    "fields": {
        "category": "family",
        "facility_preference": 10
    }
},
{
    "model": "app.group",
    "pk": 42,
    "fields": {
        "category": "adults",
        "facility_preference": 11
    }
},
{
    "model": "app.group",
    "pk": 123,
    "fields": {
        "category": "family",
        "facility_preference": 11
    }
},
{
    "model": "app.group",
    "pk": 124,
    "fields": {
        "category": "family",
        "facility_preference": 11
    }
},
{
    "model": "app.group",
    "pk": 125,
    "fields": {
        "category": "family",
        "facility_preference": 3
    }
},
{
    "model": "app.group",
    "pk": 126,
    "fields": {
        "category": "family",
        "facility_preference": 3
    }
},
{
    "model": "app.group",
    "pk": 128,
    "fields": {
        "category": "family",
        "facility_preference": 3
    }
},
{
    "model": "app.group",
    "pk": 129,
    "fields": {
        "category": "family",
        "facility_preference": 3
    }
},
{
    "model": "app.group",
    "pk": 130,
    "fields": {
        "category": "family",
        "facility_preference": 3
    }
},
{
    "model": "app.group",
    "pk": 151,
    "fields": {
        "category": "family",
        "facility_preference": null
    }
},
{
    "model": "app.group",
    "pk": 153,
    "fields": {
        "category": "family",
        "facility_preference": null
    }
},
{
    "model": "app.group",
    "pk": 154,
    "fields": {
        "category": "family",
        "facility_preference": null
    }
},
{
    "model": "app.facility",
    "pk": 3,
    "fields": {
        "admin": [
            "fac_admin1"
        ],
        "city": 2,
        "name": "hard-bitten Facility",
        "owner": "Desiree Moore",
        "address": "Kumirmari",
        "latitude": 22.4606543,
        "longitude": 88.420414,
        "isVIP": false
    }
},
{
    "model": "app.facility",
    "pk": 8,
    "fields": {
        "admin": [
            "fac_admin2"
        ],
        "city": 1,
        "name": "Keresan Facility",
        "owner": "Lila Bracero",
        "address": "Baikara-Parulia-Dighalgram Road",
        "latitude": 22.9029322,
        "longitude": 88.6197021,
        "isVIP": false
    }
},
{
    "model": "app.facility",
    "pk": 9,
    "fields": {
        "admin": [
            "fac_admin3"
        ],
        "city": 1,
        "name": "questioning Facility",
        "owner": "Lewis Mcclain",
        "address": "Rajarhat",
        "latitude": 22.6161277,
        "longitude": 88.5054866,
        "isVIP": false
    }
},
{
    "model": "app.facility",
    "pk": 10,
    "fields": {
        "admin": [
            "fac_admin4"
        ],
        "city": 1,
        "name": "moulted Facility",
        "owner": "Eric Bennett",
        "address": "Kalyani",
        "latitude": 22.993199,
        "longitude": 88.5159122,
        "isVIP": false
    }
},
{
    "model": "app.facility",
    "pk": 11,
    "fields": {
        "admin": [
            "fac_admin5"
        ],
        "city": 2,
        "name": "khubber Facility",
        "owner": "John Heard",
        "address": "Haldi River",
        "latitude": 22.4606543,
        "longitude": 88.420414,
        "isVIP": false
    }
},
{
    "model": "app.ward",
    "pk": 5,
    "fields": {
        "facility": 3,
        "category": "1"
    }
},
{
    "model": "app.ward",
    "pk": 6,
    "fields": {
        "facility": 3,
        "category": "2"
    }
},
{
    "model": "app.ward",
    "pk": 15,
    "fields": {
        "facility": 8,
        "category": "1"
    }
},
{
    "model": "app.ward",
    "pk": 16,
    "fields": {
        "facility": 8,
        "category": "2"
    }
},
{
    "model": "app.ward",
    "pk": 17,
    "fields": {
        "facility": 9,
        "category": "1"
    }
},
{
    "model": "app.ward",
    "pk": 18,
    "fields": {
        "facility": 9,
        "category": "2"
    }
},
{
    "model": "app.ward",
    "pk": 19,
    "fields": {
        "facility": 10,
        "category": "1"
    }
},
{
    "model": "app.ward",
    "pk": 20,
    "fields": {
        "facility": 10,
        "category": "2"
    }
},
{
    "model": "app.ward",
    "pk": 21,
    "fields": {
        "facility": 11,
        "category": "1"
    }
},
{
    "model": "app.ward",
    "pk": 22,
    "fields": {
        "facility": 11,
        "category": "2"
    }
},
{
    "model": "app.room",
    "pk": 17,
    "fields": {
        "category": "2",
        "room_num": "709",
        "floor": 7,
        "area": 36.676402748052375,
        "ward": 5,
        "capacity": 3
    }
},
{
    "model": "app.room",
    "pk": 18,
    "fields": {
        "category": "2",
        "room_num": "657",
        "floor": 6,
        "area": 41.48037592398202,
        "ward": 5,
        "capacity": 2
    }
},
{
    "model": "app.room",
    "pk": 19,
    "fields": {
        "category": "0",
        "room_num": "931",
        "floor": 9,
        "area": 30.134331258955417,
        "ward": 5,
        "capacity": 4
    }
},
{
    "model": "app.room",
    "pk": 20,
    "fields": {
        "category": "2",
        "room_num": "769",
        "floor": 7,
        "area": 77.47878052413186,
        "ward": 5,
        "capacity": 3
    }
},
{
    "model": "app.room",
    "pk": 21,
    "fields": {
        "category": "1",
        "room_num": "638",
        "floor": 6,
        "area": 38.86530603321319,
        "ward": 5,
        "capacity": 4
    }
},
{
    "model": "app.room",
    "pk": 22,
    "fields": {
        "category": "2",
        "room_num": "851",
        "floor": 8,
        "area": 73.83304415855224,
        "ward": 5,
        "capacity": 1
    }
},
{
    "model": "app.room",
    "pk": 23,
    "fields": {
        "category": "3",
        "room_num": "929",
        "floor": 9,
        "area": 5.439965169601891,
        "ward": 5,
        "capacity": 3
    }
},
{
    "model": "app.room",
    "pk": 24,
    "fields": {
        "category": "3",
        "room_num": "584",
        "floor": 5,
        "area": 25.30196248106993,
        "ward": 5,
        "capacity": 3
    }
},
{
    "model": "app.room",
    "pk": 25,
    "fields": {
        "category": "3",
        "room_num": "225",
        "floor": 2,
        "area": 50.23216998365548,
        "ward": 5,
        "capacity": 3
    }
},
{
    "model": "app.room",
    "pk": 26,
    "fields": {
        "category": "3",
        "room_num": "234",
        "floor": 2,
        "area": 26.953645447242025,
        "ward": 5,
        "capacity": 2
    }
},
{
    "model": "app.room",
    "pk": 27,
    "fields": {
        "category": "2",
        "room_num": "231",
        "floor": 2,
        "area": 18.808350935371777,
        "ward": 6,
        "capacity": 4
    }
},
{
    "model": "app.room",
    "pk": 28,
    "fields": {
        "category": "0",
        "room_num": "484",
        "floor": 4,
        "area": 43.151673568352145,
        "ward": 6,
        "capacity": 2
    }
},
{
    "model": "app.room",
    "pk": 29,
    "fields": {
        "category": "1",
        "room_num": "766",
        "floor": 7,
        "area": 74.58883711172939,
        "ward": 6,
        "capacity": 4
    }
},
{
    "model": "app.room",
    "pk": 30,
    "fields": {
        "category": "1",
        "room_num": "629",
        "floor": 6,
        "area": 98.39433414284967,
        "ward": 6,
        "capacity": 4
    }
},
{
    "model": "app.room",
    "pk": 31,
    "fields": {
        "category": "0",
        "room_num": "615",
        "floor": 6,
        "area": 95.63081340020439,
        "ward": 6,
        "capacity": 2
    }
},
{
    "model": "app.room",
    "pk": 32,
    "fields": {
        "category": "2",
        "room_num": "504",
        "floor": 5,
        "area": 90.8319661840653,
        "ward": 6,
        "capacity": 3
    }
},
{
    "model": "app.room",
    "pk": 33,
    "fields": {
        "category": "3",
        "room_num": "640",
        "floor": 6,
        "area": 40.231810134459465,
        "ward": 6,
        "capacity": 2
    }
},
{
    "model": "app.room",
    "pk": 88,
    "fields": {
        "category": "3",
        "room_num": "548",
        "floor": 5,
        "area": 69.22435097001855,
        "ward": 15,
        "capacity": 3
    }
},
{
    "model": "app.room",
    "pk": 89,
    "fields": {
        "category": "3",
        "room_num": "701",
        "floor": 7,
        "area": 44.10104505500172,
        "ward": 15,
        "capacity": 2
    }
},
{
    "model": "app.room",
    "pk": 90,
    "fields": {
        "category": "0",
        "room_num": "676",
        "floor": 6,
        "area": 19.092275619141063,
        "ward": 15,
        "capacity": 3
    }
},
{
    "model": "app.room",
    "pk": 91,
    "fields": {
        "category": "0",
        "room_num": "266",
        "floor": 2,
        "area": 94.05567023218086,
        "ward": 15,
        "capacity": 2
    }
},
{
    "model": "app.room",
    "pk": 92,
    "fields": {
        "category": "1",
        "room_num": "202",
        "floor": 2,
        "area": 78.28523235888964,
        "ward": 16,
        "capacity": 4
    }
},
{
    "model": "app.room",
    "pk": 93,
    "fields": {
        "category": "3",
        "room_num": "140",
        "floor": 1,
        "area": 6.681008121436582,
        "ward": 16,
        "capacity": 3
    }
},
{
    "model": "app.room",
    "pk": 94,
    "fields": {
        "category": "3",
        "room_num": "337",
        "floor": 3,
        "area": 52.586592437856574,
        "ward": 16,
        "capacity": 3
    }
},
{
    "model": "app.room",
    "pk": 95,
    "fields": {
        "category": "1",
        "room_num": "955",
        "floor": 9,
        "area": 88.68661792979282,
        "ward": 16,
        "capacity": 1
    }
},
{
    "model": "app.room",
    "pk": 96,
    "fields": {
        "category": "3",
        "room_num": "112",
        "floor": 1,
        "area": 15.964965374942942,
        "ward": 16,
        "capacity": 1
    }
},
{
    "model": "app.room",
    "pk": 97,
    "fields": {
        "category": "1",
        "room_num": "380",
        "floor": 3,
        "area": 60.581208307379505,
        "ward": 16,
        "capacity": 3
    }
},
{
    "model": "app.room",
    "pk": 98,
    "fields": {
        "category": "2",
        "room_num": "801",
        "floor": 8,
        "area": 49.67562977841939,
        "ward": 16,
        "capacity": 3
    }
},
{
    "model": "app.room",
    "pk": 99,
    "fields": {
        "category": "0",
        "room_num": "362",
        "floor": 3,
        "area": 76.98855669850428,
        "ward": 16,
        "capacity": 3
    }
},
{
    "model": "app.room",
    "pk": 100,
    "fields": {
        "category": "3",
        "room_num": "106",
        "floor": 1,
        "area": 31.702359689941883,
        "ward": 16,
        "capacity": 2
    }
},
{
    "model": "app.room",
    "pk": 101,
    "fields": {
        "category": "1",
        "room_num": "137",
        "floor": 1,
        "area": 58.627050034638685,
        "ward": 16,
        "capacity": 2
    }
},
{
    "model": "app.room",
    "pk": 102,
    "fields": {
        "category": "1",
        "room_num": "652",
        "floor": 6,
        "area": 44.55973409740627,
        "ward": 17,
        "capacity": 1
    }
},
{
    "model": "app.room",
    "pk": 103,
    "fields": {
        "category": "2",
        "room_num": "163",
        "floor": 1,
        "area": 12.919211566398614,
        "ward": 17,
        "capacity": 4
    }
},
{
    "model": "app.room",
    "pk": 104,
    "fields": {
        "category": "1",
        "room_num": "547",
        "floor": 5,
        "area": 60.296164903823055,
        "ward": 17,
        "capacity": 4
    }
},
{
    "model": "app.room",
    "pk": 105,
    "fields": {
        "category": "1",
        "room_num": "726",
        "floor": 7,
        "area": 62.649469628178046,
        "ward": 17,
        "capacity": 1
    }
},
{
    "model": "app.room",
    "pk": 106,
    "fields": {
        "category": "1",
        "room_num": "240",
        "floor": 2,
        "area": 48.45702353233512,
        "ward": 17,
        "capacity": 4
    }
},
{
    "model": "app.room",
    "pk": 107,
    "fields": {
        "category": "3",
        "room_num": "662",
        "floor": 6,
        "area": 97.08412178200454,
        "ward": 17,
        "capacity": 3
    }
},
{
    "model": "app.room",
    "pk": 108,
    "fields": {
        "category": "0",
        "room_num": "483",
        "floor": 4,
        "area": 68.26428743978785,
        "ward": 17,
        "capacity": 2
    }
},
{
    "model": "app.room",
    "pk": 109,
    "fields": {
        "category": "3",
        "room_num": "410",
        "floor": 4,
        "area": 76.08136198673431,
        "ward": 17,
        "capacity": 2
    }
},
{
    "model": "app.room",
    "pk": 110,
    "fields": {
        "category": "2",
        "room_num": "847",
        "floor": 8,
        "area": 99.15674961616332,
        "ward": 17,
        "capacity": 4
    }
},
{
    "model": "app.room",
    "pk": 111,
    "fields": {
        "category": "1",
        "room_num": "274",
        "floor": 2,
        "area": 51.72060140970349,
        "ward": 18,
        "capacity": 3
    }
},
{
    "model": "app.room",
    "pk": 112,
    "fields": {
        "category": "3",
        "room_num": "222",
        "floor": 2,
        "area": 59.01453425290421,
        "ward": 18,
        "capacity": 3
    }
},
{
    "model": "app.room",
    "pk": 113,
    "fields": {
        "category": "0",
        "room_num": "232",
        "floor": 2,
        "area": 44.20517576750452,
        "ward": 18,
        "capacity": 3
    }
},
{
    "model": "app.room",
    "pk": 114,
    "fields": {
        "category": "0",
        "room_num": "207",
        "floor": 2,
        "area": 57.96690058217315,
        "ward": 18,
        "capacity": 2
    }
},
{
    "model": "app.room",
    "pk": 115,
    "fields": {
        "category": "2",
        "room_num": "627",
        "floor": 6,
        "area": 10.35357213148409,
        "ward": 18,
        "capacity": 1
    }
},
{
    "model": "app.room",
    "pk": 116,
    "fields": {
        "category": "3",
        "room_num": "842",
        "floor": 8,
        "area": 38.85839776064515,
        "ward": 18,
        "capacity": 1
    }
},
{
    "model": "app.room",
    "pk": 117,
    "fields": {
        "category": "3",
        "room_num": "352",
        "floor": 3,
        "area": 77.22061153419263,
        "ward": 18,
        "capacity": 3
    }
},
{
    "model": "app.room",
    "pk": 118,
    "fields": {
        "category": "3",
        "room_num": "712",
        "floor": 7,
        "area": 3.1415447893456516,
        "ward": 18,
        "capacity": 1
    }
},
{
    "model": "app.room",
    "pk": 119,
    "fields": {
        "category": "2",
        "room_num": "606",
        "floor": 6,
        "area": 81.65109855374365,
        "ward": 19,
        "capacity": 4
    }
},
{
    "model": "app.room",
    "pk": 120,
    "fields": {
        "category": "0",
        "room_num": "629",
        "floor": 6,
        "area": 1.699643523686356,
        "ward": 19,
        "capacity": 4
    }
},
{
    "model": "app.room",
    "pk": 121,
    "fields": {
        "category": "1",
        "room_num": "908",
        "floor": 9,
        "area": 8.408535084200041,
        "ward": 20,
        "capacity": 3
    }
},
{
    "model": "app.room",
    "pk": 122,
    "fields": {
        "category": "0",
        "room_num": "602",
        "floor": 6,
        "area": 17.132058988503395,
        "ward": 20,
        "capacity": 3
    }
},
{
    "model": "app.room",
    "pk": 123,
    "fields": {
        "category": "3",
        "room_num": "601",
        "floor": 6,
        "area": 71.83069528358585,
        "ward": 20,
        "capacity": 3
    }
},
{
    "model": "app.room",
    "pk": 124,
    "fields": {
        "category": "2",
        "room_num": "830",
        "floor": 8,
        "area": 12.29247228348732,
        "ward": 21,
        "capacity": 1
    }
},
{
    "model": "app.room",
    "pk": 125,
    "fields": {
        "category": "2",
        "room_num": "631",
        "floor": 6,
        "area": 38.35955268510748,
        "ward": 21,
        "capacity": 3
    }
},
{
    "model": "app.room",
    "pk": 126,
    "fields": {
        "category": "2",
        "room_num": "424",
        "floor": 4,
        "area": 81.01467448512685,
        "ward": 21,
        "capacity": 4
    }
},
{
    "model": "app.room",
    "pk": 127,
    "fields": {
        "category": "2",
        "room_num": "573",
        "floor": 5,
        "area": 73.27731276335618,
        "ward": 21,
        "capacity": 1
    }
},
{
    "model": "app.room",
    "pk": 128,
    "fields": {
        "category": "1",
        "room_num": "942",
        "floor": 9,
        "area": 16.15397085439112,
        "ward": 21,
        "capacity": 3
    }
},
{
    "model": "app.room",
    "pk": 129,
    "fields": {
        "category": "2",
        "room_num": "707",
        "floor": 7,
        "area": 43.3387653696947,
        "ward": 22,
        "capacity": 2
    }
},
{
    "model": "app.room",
    "pk": 130,
    "fields": {
        "category": "1",
        "room_num": "434",
        "floor": 4,
        "area": 82.26479906670993,
        "ward": 22,
        "capacity": 3
    }
},
{
    "model": "app.room",
    "pk": 131,
    "fields": {
        "category": "3",
        "room_num": "171",
        "floor": 1,
        "area": 12.933938681605161,
        "ward": 22,
        "capacity": 1
    }
},
{
    "model": "app.room",
    "pk": 132,
    "fields": {
        "category": "2",
        "room_num": "462",
        "floor": 4,
        "area": 57.984657507665915,
        "ward": 22,
        "capacity": 1
    }
},
{
    "model": "app.room",
    "pk": 133,
    "fields": {
        "category": "1",
        "room_num": "143",
        "floor": 1,
        "area": 61.785653211119765,
        "ward": 22,
        "capacity": 4
    }
},
{
    "model": "app.room",
    "pk": 134,
    "fields": {
        "category": "2",
        "room_num": "177",
        "floor": 1,
        "area": 76.9514309591252,
        "ward": 22,
        "capacity": 2
    }
},
{
    "model": "app.room",
    "pk": 135,
    "fields": {
        "category": "1",
        "room_num": "460",
        "floor": 4,
        "area": 92.70189240395739,
        "ward": 22,
        "capacity": 2
    }
},
{
    "model": "app.room",
    "pk": 136,
    "fields": {
        "category": "2",
        "room_num": "101",
        "floor": 1,
        "area": 73.51343909363675,
        "ward": 22,
        "capacity": 3
    }
},
{
    "model": "app.luxury",
    "pk": 8,
    "fields": {
        "category": "free wifi",
        "cost": 245
    }
},
{
    "model": "app.luxury",
    "pk": 10,
    "fields": {
        "category": "fridge",
        "cost": 5000
    }
},
{
    "model": "app.checkuprecords",
    "pk": 3,
    "fields": {
        "person": 107,
        "doctor": "Dr. Strange",
        "date": "2020-04-17",
        "health_status": "Risky",
        "next_checkup_date": "2020-04-23",
        "medicines": [
            1,
            2
        ]
    }
},
{
    "model": "app.checkuprecords",
    "pk": 4,
    "fields": {
        "person": 111,
        "doctor": "Dr. ELLIOT ALDERSON",
        "date": "2020-04-17",
        "health_status": "Critical",
        "next_checkup_date": null,
        "medicines": [
            1
        ]
    }
},
{
    "model": "app.checkuprecords",
    "pk": 5,
    "fields": {
        "person": 119,
        "doctor": "MR. ROBOT",
        "date": "2020-04-17",
        "health_status": "Good",
        "next_checkup_date": "2020-04-22",
        "medicines": [
            5
        ]
    }
},
{
    "model": "app.checkuprecords",
    "pk": 6,
    "fields": {
        "person": 123,
        "doctor": "Dr. Berlin",
        "date": "2020-04-17",
        "health_status": "Average",
        "next_checkup_date": "2020-04-28",
        "medicines": [
            1,
            5
        ]
    }
},
{
    "model": "app.checkuprecords",
    "pk": 7,
    "fields": {
        "person": 117,
        "doctor": "Dr. Tokyo",
        "date": "2020-04-17",
        "health_status": "Excellent",
        "next_checkup_date": "2020-04-20",
        "medicines": [
            4
        ]
    }
},
{
    "model": "app.medicine",
    "pk": 1,
    "fields": {
        "name": "Azithromycin",
        "cost": 250
    }
},
{
    "model": "app.medicine",
    "pk": 2,
    "fields": {
        "name": "Paracetamol",
        "cost": 500
    }
},
{
    "model": "app.medicine",
    "pk": 3,
    "fields": {
        "name": "Pennicilin",
        "cost": 200
    }
},
{
    "model": "app.medicine",
    "pk": 4,
    "fields": {
        "name": "Adderall",
        "cost": 1000
    }
},
{
    "model": "app.medicine",
    "pk": 5,
    "fields": {
        "name": "Amoxicillin",
        "cost": 100
    }
},
{
    "model": "app.medicine",
    "pk": 6,
    "fields": {
        "name": "Soframycin",
        "cost": 100
    }
},
{
    "model": "app.discharged",
    "pk": 1,
    "fields": {
        "person": 107,
        "date_discharged": "2020-04-14"
    }
},
{
    "model": "app.discharged",
    "pk": 2,
    "fields": {
        "person": 146,
        "date_discharged": "2020-04-15"
    }
},
{
    "model": "app.discharged",
    "pk": 3,
    "fields": {
        "person": 109,
        "date_discharged": "2020-04-15"
    }
},
{
    "model": "sites.site",
    "pk": 1,
    "fields": {
        "domain": "example.com",
        "name": "example.com"
    }
},
{
    "model": "account.emailaddress",
    "pk": 13,
    "fields": {
        "user": [
            "admin"
        ],
        "email": "admin@gmail.com",
        "verified": true,
        "primary": true
    }
},
{
    "model": "account.emailaddress",
    "pk": 14,
    "fields": {
        "user": [
            "Admin"
        ],
        "email": "Admin@gmail.com",
        "verified": true,
        "primary": true
    }
},
{
    "model": "account.emailaddress",
    "pk": 15,
    "fields": {
        "user": [
            "user1"
        ],
        "email": "user1@gmail.com",
        "verified": true,
        "primary": true
    }
},
{
    "model": "account.emailaddress",
    "pk": 16,
    "fields": {
        "user": [
            "user2"
        ],
        "email": "user2@gmail.com",
        "verified": true,
        "primary": true
    }
},
{
    "model": "account.emailaddress",
    "pk": 17,
    "fields": {
        "user": [
            "fac_admin1"
        ],
        "email": "fac_admin1@gmail.com",
        "verified": true,
        "primary": true
    }
},
{
    "model": "account.emailaddress",
    "pk": 18,
    "fields": {
        "user": [
            "fac_admin2"
        ],
        "email": "fac_admin2@gmail.com",
        "verified": true,
        "primary": true
    }
},
{
    "model": "account.emailaddress",
    "pk": 19,
    "fields": {
        "user": [
            "fac_admin3"
        ],
        "email": "fac_admin3@gmail.com",
        "verified": true,
        "primary": true
    }
},
{
    "model": "account.emailaddress",
    "pk": 20,
    "fields": {
        "user": [
            "fac_admin4"
        ],
        "email": "fac_admin4@gmail.com",
        "verified": true,
        "primary": true
    }
},
{
    "model": "account.emailaddress",
    "pk": 21,
    "fields": {
        "user": [
            "fac_admin5"
        ],
        "email": "fac_admin5@gmail.com",
        "verified": true,
        "primary": true
    }
},
{
    "model": "account.emailaddress",
    "pk": 22,
    "fields": {
        "user": [
            "kali"
        ],
        "email": "kali@gmail.com",
        "verified": true,
        "primary": true
    }
}
]
